model,accuracy,f1,roc_auc,brier
DecisionTree,1.0,1.0,1.0,0.0
RandomForest,1.0,1.0,1.0,0.00010100248905819346
RandomForest(calibrated),1.0,1.0,1.0,4.060329957642798e-07
LogisticRegression,0.9992424242424243,0.9996152366294728,1.0,0.0011286104321915431
LinearSVM(calibrated),0.9992424242424243,0.9996152366294728,1.0,0.001146417082588679
Perceptron,0.9988636363636364,0.9994222992489891,0.9999816708823637,0.0009021397221924169
Adaline_like,0.9840909090909091,0.9919816723940436,0.9998808607353642,0.08085322209233813
KNN(k=15),0.9863636363636363,0.9931192660550459,0.9734411085450347,0.008008417508417508
